<?xml version="1.0" encoding="UTF-8"?>
<project-private xmlns="http://www.netbeans.org/ns/project-private/1">
    <editor-bookmarks xmlns="http://www.netbeans.org/ns/editor-bookmarks/2" lastBookmarkId="0"/>
    <open-files xmlns="http://www.netbeans.org/ns/projectui-open-files/2">
        <group>
            <file>file:/D:/NetBeansProjects/LogInDetailsWebApp/web/outcomejsp.jsp</file>
            <file>file:/D:/NetBeansProjects/LogInDetailsWebApp/web/login.html</file>
            <file>file:/D:/NetBeansProjects/LogInDetailsWebApp/src/java/za/ac/tut/web/LogInDetailsServlet.java</file>
        </group>
    </open-files>
</project-private>
